,pIC50,preprocessed_smiles,molecular_weight,n_hba,n_hbd,logp,Lipinski_pass
0,9.522878745280336,OCCN1CCN(CCCN2c3ccccc3Sc3ccc(Cl)cc32)CC1,403.14851113199995,5,1,3.942700000000003,True
1,8.958607314841775,CC(C)(C)[C@]1(O)CCN2C[C@H]3c4ccccc4CCc4cccc(c43)[C@@H]2C1,361.240564612,2,1,4.844800000000005,True
2,8.958607314841775,CC(C)(C)[C@]1(O)CCN2C[C@@H]3c4ccccc4CCc4cccc(c43)[C@@H]2C1,361.240564612,2,1,4.844800000000005,True
3,8.896196279044043,O=C(CCCN1CCC2(CC1)C(=O)NCN2c1ccccc1)c1ccc(F)cc1,395.20090529199996,4,1,3.217100000000001,True
4,8.831502516476966,CC(C)[C@@]1(NC(=O)C2C[C@@H]3c4cccc5[nH]cc(c45)C[C@H]3N(C)C2)O[C@@]2(O)[C@@H]3CCCN3C(=O)C(Cc3ccccc3)N2C1=O,611.310769412,6,3,2.717200000000001,True
5,8.800793520838342,CC(C)CC1C(=O)N2CCC[C@H]2[C@]2(O)O[C@](NC(=O)C3C=C4c5cccc6[nH]c(Br)c(c56)C[C@H]4N(C)C3)(C(C)C)C(=O)N12,653.2212814800001,6,3,3.192800000000001,True
6,8.791558643561432,OCCN1CCN(CCCN2c3ccccc3Sc3ccc(C(F)(F)F)cc32)CC1,437.17486811199996,5,1,4.308100000000003,True
7,8.769551078621726,CN(C)C(=O)N[C@H]1CC[C@H](CCN2CCN(c3cccc(Cl)c3Cl)CC2)CC1,426.195317004,3,1,4.335500000000003,True
8,8.744727494896694,CC(C)(C)NS(=O)(=O)c1ccc(-c2sc(C(=O)NC3CC(C(=O)O)C3)nc2CC2CCCCC2)c2ccccc12,583.217463284,6,3,5.755900000000005,False
9,8.73754891026957,CCN1CCC[C@H]1CNC(=O)c1c(O)c(Cl)cc(Cl)c1OC,346.08509785999996,4,2,2.9217000000000013,True
10,8.709965388637482,CC(C)CC1C(=O)N2CCC[C@H]2[C@]2(O)O[C@](NC(=O)C3C=C4c5cccc6[nH]cc(c56)C[C@H]4N(C)C3)(C(C)C)C(=O)N12,575.310769412,6,3,2.4303,True
11,8.698970004336019,Clc1cccc(N2CCN(C[C@H]3C[C@@H]3c3ccccc3)CC2)c1Cl,360.116004064,2,0,4.919100000000004,True
12,8.67778070526608,NC(=O)C[S@@+]([O-])C(c1ccccc1)c1ccccc1,273.08234972,2,1,2.01,True
13,8.61852390972497,O=C(CCCN1CC=C(n2c(=O)[nH]c3ccccc32)CC1)c1ccc(F)cc1,379.16960516399996,4,1,3.6784000000000026,True
14,8.577246058698652,O=c1[nH]c2ccccc2n1CCCN1CCC(n2c(=O)[nH]c3cc(Cl)ccc32)CC1,425.161852688,5,2,3.353200000000002,True
15,8.543633966870956,CCN(CC)C(=O)N[C@H]1C=C2c3cccc4[nH]cc(c34)C[C@H]2N(C)C1,338.210661452,2,2,2.841400000000001,True
16,8.455931955649724,COc1ccccc1N1CCN(CCCCCN2Cc3ccc4ccccc4c3C2=O)CC1,443.257277296,4,0,4.796700000000005,True
17,8.42021640338319,ON=Cc1cnn2ccc(OCCCCN3CCN(c4cccc(Cl)c4Cl)CC3)cc12,461.13853040000004,7,1,4.430400000000004,True
18,8.400116927926312,COc1ccccc1N1CCN(CCCCCCNC(=O)OC(C)(C)C)CC1,391.28349204399996,5,1,3.902300000000003,True
19,8.397940008672037,O=C(CCCN1CCC(O)(c2ccc(Cl)cc2)CC1)c1ccc(F)cc1,375.140134876,3,1,4.425600000000004,True
20,8.39254497678533,NC(=O)C1CCN(CCCN2c3ccccc3Sc3ccc(Cl)cc32)CC1,401.13286106799995,4,1,4.530100000000004,True
21,8.387216143280265,CN1CCN2c3c(cccc31)[C@@H]1CN(CCCC(=O)c3ccc(F)cc3)CC[C@@H]12,393.221640736,4,0,3.9165000000000036,True
22,8.366531544420413,CN1CC(C(=O)N[C@]2(C)O[C@@]3(O)[C@@H]4CCCN4C(=O)C(Cc4ccccc4)N3C2=O)C=C2c3cccc4[nH]cc(c34)C[C@H]21,581.2638192200001,6,3,1.990800000000002,True
23,8.301029995663981,Oc1cc2cc(CCN3CCN(c4nsc5ccccc45)CC3)c(Cl)cc2[nH]1,412.112459972,5,2,4.501300000000004,True
24,8.301029995663981,COc1ccc(Cl)cc1N1CCN(C[C@H]2C[C@@H]2c2ccccc2)CC1,356.16554110000004,3,0,4.274300000000004,True
25,8.301029995663981,COc1ccccc1N1CCN(C[C@H]2C[C@@H]2c2ccccc2)CC1,322.20451345199996,3,0,3.6209000000000024,True
26,8.301029995663981,Clc1ccccc1N1CCN(C[C@H]2C[C@@H]2c2ccccc2)CC1,326.154976416,2,0,4.2657000000000025,True
27,8.298259367562787,CC(C)C1C(=O)N2CCC[C@H]2[C@]2(O)O[C@](NC(=O)C3C=C4c5cccc6[nH]cc(c56)C[C@H]4N(C)C3)(C(C)C)C(=O)N12,561.295119348,6,3,2.040199999999999,True
28,8.154901959985743,O=C(NCCN1CCC(n2c(=O)[nH]c3cc(Cl)ccc32)CC1)c1ccc(F)cc1,416.141531844,4,2,3.189000000000002,True
29,8.154901959985743,COc1ccc([C@H]2C[C@@H]2CN2CCN(c3ccc(Cl)cc3Cl)CC2)cc1,390.126568748,3,0,4.927700000000004,True
30,8.051587034221399,CN1CC(C(=O)N[C@]2(C)O[C@@]3(O)[C@@H]4CCCN4C(=O)C(Cc4ccccc4)N3C2=O)C[C@@H]2c3cccc4[nH]cc(c34)C[C@H]21,583.2794692840001,6,3,2.0811000000000024,True
31,8.050609993355087,CC(C)(C)[C@@]1(O)CCN2C[C@@H]3c4ccccc4CCc4cccc(c43)[C@H]2C1,361.240564612,2,1,4.844800000000005,True
32,8.00436480540245,COc1ccccc1N1CCN(CC[C@H]2CC[C@H](Nc3ncccn3)CC2)CC1,395.26851067600006,6,1,3.6682000000000023,True
33,8.0,COc1cc(F)ccc1N1CCN(C[C@H]2C[C@@H]2c2ccccc2)CC1,340.19509164,3,0,3.7600000000000025,True
34,7.958607314841775,CN1CCN(CCCN2c3ccccc3Sc3ccc(Cl)cc32)CC1,373.137946448,4,0,4.580200000000004,True
35,7.958607314841775,O=C1CCc2ccc(OCCCCN3CCN(c4cccc(Cl)c4Cl)CC3)cc2N1,447.14803246400004,4,1,4.859300000000005,True
36,7.920818753952375,Oc1ccc([C@H]2C[C@@H]2CN2CCN(c3ccc(Cl)cc3Cl)CC2)cc1,376.110918684,3,1,4.624700000000004,True
37,7.886056647693163,Fc1ccc([C@H]2C[C@@H]2CN2CCN(c3ccccc3Cl)CC2)cc1,344.145554604,2,0,4.404800000000004,True
38,7.886056647693163,COc1cccc(C(=O)CCCN2CCN(c3ccccc3OC)CC2)c1,368.20999275599996,5,0,3.488900000000002,True
39,7.823908740944319,COC(=O)CN(CC(=O)NCCOCCOCCNC(=O)CCC(=O)Nc1ccc(CCN2CN(c3ccccc3)C3(CCN(CCCC(=O)c4ccc(F)cc4)CC3)C2=O)cc1)CC(=O)NCCOCCOCCNC(=O)CCC(=O)Nc1ccc(CCN2CN(c3ccccc3)C3(CCN(CCCC(=O)c4ccc(F)cc4)CC3)C2=O)cc1,1657.8396309759996,21,6,6.801600000000015,False
40,7.801342913045577,O=C(NCCC(O)CN1CCN(c2cccc(Cl)c2Cl)CC1)c1ccc(-c2ccccn2)cc1,498.15893149600004,5,2,4.358400000000004,True
41,7.769551078621726,COc1cc(Cl)ccc1N1CCN(C[C@H]2C[C@@H]2c2ccccc2)CC1,356.16554110000004,3,0,4.274300000000004,True
42,7.698970004336019,COc1ccccc1N1CCN(CCCC2CCCc3c(OC)cccc32)CC1,394.26202832799993,4,0,4.726100000000005,True
43,7.698970004336019,Cc1nc2n(c(=O)c1CCN1CCC(c3noc4cc(F)ccc34)CC1)CCCC2,410.211804324,6,0,3.5904200000000026,True
44,7.657577319177793,O=Cc1cc2cc(OCCCCN3CCN(c4cccc(Cl)c4Cl)CC3)ccn2n1,446.12763136800004,6,0,4.434800000000004,True
45,7.640164517660112,O=C(NC/C=C/CN1CCN(c2cccc(Cl)c2Cl)CC1)c1ccc(-c2cccc[n+]2[O-])cc1,496.143281432,4,1,4.402000000000004,True
46,7.638272163982407,O=C(CCCCCCC(=O)NCCCN1CCN(C2=Nc3cc(Cl)ccc3Nc3ccccc32)CC1)NCCCN1CCN(C2=Nc3cc(Cl)ccc3Nc3ccccc32)CC1,876.4121264559999,10,4,8.552600000000005,False
47,7.638272163982407,CN1CCN(C2=Nc3ccccc3Sc3ccc(OS(=O)(=O)C(F)(F)F)cc32)CC1,457.07416809599994,7,0,3.705300000000003,True
48,7.638272163982407,Fc1ccc(-c2cncc(CN3CCN(c4ccccc4)CC3)c2)cc1,347.179775924,3,0,4.209900000000003,True
49,7.602059991327962,Fc1ccc(-c2cncc(CN3CCN(c4ccccc4F)CC3)c2)cc1,365.17035411200004,3,0,4.349000000000004,True
50,7.585026652029182,COc1ccccc1N1CCN(CCCCNC(=O)c2cn3ccccc3n2)CC1,407.23212516800004,6,1,2.6751000000000005,True
51,7.580044251510242,Cc1cc(=O)oc2c(Cl)c(OCCCCN3CCC(c4noc5cc(F)ccc45)CC3)ccc12,484.156513212,6,0,6.073720000000005,True
52,7.549750891680639,CCc1ccc2c3c1CCN(C)[C@@H]3Cc1ccc(OC)c(OC)c1-2,323.18852904,3,0,4.0183000000000035,True
53,7.537602002101044,O=C(NCCCCN1CCN(c2cccc3ccccc23)CC1)c1cnc2ccccc2c1,438.24196158,4,1,4.720200000000005,True
54,7.522878745280337,CN1CCN(C2=Nc3cc(Cl)ccc3Nc3ccc(OS(=O)(=O)C(F)(F)F)cc32)CC1,474.07402377599993,7,1,3.951100000000003,True
55,7.517841304588724,COc1ccc2c(c1OC)-c1c(Br)ccc3c1[C@@H](C2)N(C)CC3,373.06774098,3,0,4.218400000000004,True
56,7.494850021680094,Clc1cc(Cl)cc(N2CCN(C[C@H]3C[C@@H]3c3ccccc3)CC2)c1,360.116004064,2,0,4.919100000000005,True
57,7.468521082957745,CN1CCN(C2=Nc3ccccc3Nc3ccc(Cl)cc32)CC1,326.129824288,4,1,3.7227000000000023,True
58,7.455931955649724,CSc1ccc2c(c1)N(CCC1CCCCN1C)c1ccccc1S2,370.153740832,4,0,5.885600000000005,True
59,7.431798275933005,c1ccc([C@H]2C[C@@H]2CN2CCN(c3ccccc3)CC2)cc1,292.193948768,2,0,3.612300000000003,True
60,7.389659288547843,CCc1ccc2c3c1CCN(C)[C@H]3Cc1ccc(OC)c(OC)c1-2,323.18852904,3,0,4.0183000000000035,True
61,7.387216143280264,O=C(NC/C=C/CN1CCN(c2cccc(Cl)c2Cl)CC1)c1ccc(-c2cccc(=O)[nH]2)cc1,496.143281432,4,2,4.456900000000004,True
62,7.387216143280264,Cn1c(=O)c2c(ncn2CCCN2CCC(C(c3ccccc3)c3ccccc3)CC2)n(C)c1=O,471.26342529600004,7,0,3.3679000000000023,True
63,7.366531544420414,Cn1c(=O)c2c(ncn2CCCN2CCN(C(c3ccc(F)cc3)c3ccc(F)cc3)CC2)n(C)c1=O,508.23983064,8,0,2.5092,True
64,7.356547323513812,O=C(CCCCCCCCC(=O)NCCCN1CCN(C2=Nc3cc(Cl)ccc3Nc3ccccc32)CC1)NCCCN1CCN(C2=Nc3cc(Cl)ccc3Nc3ccccc32)CC1,904.4434265839999,10,4,9.332800000000002,False
65,7.356547323513812,Oc1cc2cc(CCN3CCN(c4cccc5ccccc45)CC3)ccc2[nH]1,371.19976242,3,2,4.391400000000003,True
66,7.346787486224656,Cc1ccc(N2CCN(C[C@H]3C[C@@H]3c3ccccc3)CC2)c(C)c1,320.225248896,2,0,4.229140000000004,True
67,7.346112441929023,COc1ccc2c(c1OC)-c1ccc(Br)c3c1[C@@H](C2)N(C)CC3,373.06774098,3,0,4.2184000000000035,True
68,7.309803919971486,Fc1ccc(-c2cccc(CN3CCN(c4ncccn4)CC3)c2)cc1,348.175024892,4,0,3.6049000000000015,True
69,7.301029995663981,COc1ccc(-c2cccc(CN3CCN(c4ncccn4)CC3)c2)cc1,360.195011388,5,0,3.474400000000002,True
70,7.2839966563652,CN1CCN(C2=Nc3ccccc3Oc3ccc(OS(=O)(=O)C(F)(F)F)cc32)CC1,441.09701171599994,7,0,3.346400000000002,True
71,7.267606240177031,CN1CCN(C2=Nc3ccccc3Oc3ccc(Cl)cc32)CC1,327.113839876,4,0,3.7714000000000025,True
72,7.267606240177031,CN(C)CCCN1c2ccccc2Sc2ccc(Cl)cc21,318.09574728800004,3,0,4.894400000000004,True
73,7.259637310505756,O=C(NCCCCN1CCN(c2cccc(Cl)c2Cl)CC1)c1cn2ccccc2n1,445.14361578000006,5,1,3.9733000000000027,True
74,7.251811972993799,Fc1ccc([C@H]2C[C@@H]2CN2CCN(c3cccc(Cl)c3)CC2)cc1,344.145554604,2,0,4.404800000000004,True
75,7.221848749616356,Fc1ccc(-c2cncc(CN3CCN(c4ccccn4)CC3)c2)cc1,348.175024892,4,0,3.6049000000000024,True
76,7.221848749616356,O=C(NCCCCN1CCN(c2cccc(C(F)(F)F)c2)CC1)c1cn2ccccc2n1,445.20894511200004,5,1,3.6853000000000025,True
77,7.221848749616356,Cc1ccc(N2CCN(CC3CC3c3ccccc3)CC2)c(C)c1,320.225248896,2,0,4.229140000000004,True
78,7.214670164989233,CC(C)(C)c1ccc(C(=O)CCCN2CCC(OC(c3ccccc3)c3ccccc3)CC2)cc1,469.29807948800004,3,0,7.217600000000008,True
79,7.200659450546418,CN1CCCC[C@@H]1CCN1c2ccccc2Sc2ccc([S+](C)[O-])cc21,386.14865545199996,4,0,4.901100000000005,True
80,7.200659450546418,CN1C[C@H](CNC(=O)OCc2ccccc2)C[C@@H]2c3cccc4c3c(cn4C)C[C@H]21,403.22597716800004,4,1,4.064700000000003,True
81,7.200659450546418,COc1c(Cl)cccc1N1CCN(CCCCNC(=O)c2cnc3ccccc3c2)CC1,452.197903848,5,1,4.229000000000003,True
82,7.198596289982645,Fc1cccc(Nc2nc(Cc3ccccc3)nc3c2CCNCC3)c1,348.17502489200007,4,2,3.638300000000002,True
83,7.1938200260161125,Clc1ccc(N2CCN(C[C@@H]3C[C@H]3c3ccccc3)CC2)c(Cl)c1,360.116004064,2,0,4.919100000000005,True
84,7.187086643357144,Clc1ccc(N2CCN(C[C@H]3C[C@@H]3c3ccccc3)CC2)c(Cl)c1,360.116004064,2,0,4.919100000000005,True
85,7.167491087293763,Cc1cc(F)ccc1N1CCN(C[C@H]2C[C@@H]2c2ccccc2)CC1,324.20017702,2,0,4.059820000000003,True
86,7.154901959985743,Fc1ccc(-c2cncc(CN3CCN(c4ccc(F)cc4)CC3)c2)cc1,365.17035411200004,3,0,4.349000000000004,True
87,7.1487416512809245,CN(C)C(=O)N[C@H]1CC[C@H](CCN2CCc3cccc(Cl)c3C2)CC1,363.20774026,2,1,3.9182000000000023,True
88,7.136677139879544,Cc1ccc(N2CCN(C[C@@H]3C[C@H]3c3ccccc3)CC2)c(C)c1,320.225248896,2,0,4.229140000000004,True
89,7.102372908709558,Fc1ccc(N2CCN(CC[C@H]3CC[C@H](Nc4ncccn4)CC3)CC2)cc1,383.24852418,5,1,3.798700000000003,True
90,7.091514981121351,Fc1cccc(-c2cccc(CN3CCN(c4ncccn4)CC3)c2)c1,348.17502489200007,4,0,3.6049000000000015,True
91,7.066512712151295,Clc1cccc(Nc2nc(Cc3ccccc3)nc3c2CCNCC3)c1,364.145474352,4,2,4.152600000000003,True
92,7.060480747381382,O=C(NCCCCN1CCN(c2cccc3ccccc23)CC1)c1cc2ccccc2[nH]1,426.24196158,3,2,4.653300000000003,True
93,7.060480747381382,O=C(CCCCC(=O)NCCCN1CCN(C2=Nc3cc(Cl)ccc3Nc3ccccc32)CC1)NCCCN1CCN(C2=Nc3cc(Cl)ccc3Nc3ccccc32)CC1,848.3808263279999,10,4,7.772400000000009,False
94,7.054039296422431,O=C(NCC(O)CCN1CCN(c2cccc(Cl)c2Cl)CC1)c1ccc(-c2ccccn2)cc1,498.15893149600004,5,2,4.358400000000004,True
95,7.040433953362072,COc1cc2c(cc1O)[C@@H]1Cc3cc4c(cc3CN1CC2)OCO4,325.131408088,5,1,2.785000000000001,True
96,7.0301183562535,COc1ccccc1N1CCN(CCNC(=O)OC(C)(C)C)CC1,335.220891788,5,1,2.3419000000000008,True
97,7.0,Fc1ccc([Si]2(c3ccc(F)cc3)CCC(N3CCN(c4ccccc4)CC3)C2)cc1,434.198981866,2,0,4.122300000000004,True
98,6.977118186667969,COc1cc2c(cc1O)[C@@H]1Cc3ccc(O)c(OC)c3CN1CC2,327.14705815200006,5,2,2.7705,True
99,6.958607314841775,COc1cc(C(C)=O)ccc1OCCCN1CCC(c2noc3cc(F)ccc23)CC1,426.195485564,6,0,4.826600000000004,True
100,6.954677021213342,CCCN1C[C@H](CSC)C[C@@H]2c3cccc4[nH]cc(c34)C[C@H]21,314.18166983199995,2,1,4.271100000000003,True
101,6.94692155651658,Cc1ccc(CN2CCN(CC(=O)N3c4ccccc4C[C@H]3C)CC2)cc1,363.231062548,3,0,3.0904200000000017,True
102,6.94692155651658,CN1CCN(C2=Nc3cc(Cl)ccc3Nc3ccccc32)CC1,326.129824288,4,1,3.7227000000000023,True
103,6.931814138253838,CN1CCc2cccc3c2[C@H]1Cc1ccc(O)c(O)c1-3,267.125928784,3,2,2.8499000000000025,True
104,6.928117992693874,Cc1cc2c(s1)Nc1ccccc1N=C2N1CCN(C)CC1,312.14086764,5,1,3.4392200000000033,True
105,6.920818753952375,Fc1ccc(-c2cncc(CN3CCN(c4ncccn4)CC3)c2)cc1,349.17027386,5,0,2.999900000000001,True
106,6.910094888560602,O=C1NCN(c2ccccc2)C12CCN(Cc1ccc3nsnc3c1)CC2,379.1466812920001,6,1,2.6198000000000006,True
107,6.896196279044043,CCN(CC)CCNC(=O)c1cc(Cl)c(N)cc1OC,299.14005462399996,4,2,2.0023999999999997,True
108,6.892790030352131,CCN1CCC[C@H]1CNC(=O)c1cc(S(N)(=O)=O)ccc1OC,341.140927216,5,2,0.5567000000000012,True
109,6.892790030352131,Cc1cc(Cl)ccc1N1CCN(C[C@H]2C[C@@H]2c2ccccc2)CC1,340.17062648,2,0,4.574120000000003,True
110,6.866461091629782,CN1CCC[C@@H]1CCO[C@](C)(c1ccccc1)c1ccc(Cl)cc1,343.170292132,2,0,5.104400000000005,True
111,6.866461091629782,CC1CC(=O)c2ccc(N3CCN(C)CC3)cc2N1S(=O)(=O)c1ccc2ccccc2c1,449.17731272399993,5,0,3.7618000000000027,True
112,6.853871964321762,CCOc1ccccc1N1CCN(CCCC(=O)NCc2nc3ccc(F)cc3c(=O)n2-c2ccc(OC)cc2)CC1,573.275132852,8,1,4.150700000000003,True
113,6.853871964321762,CN1CCN(C2=Nc3ccccc3Nc3ccc(OS(=O)(=O)C(F)(F)F)cc32)CC1,440.11299612799996,7,1,3.2977000000000016,True
114,6.835647144215563,COc1ccccc1OCCNCC(O)COc1cccc2[nH]c3ccccc3c12,406.189257312,5,3,3.738000000000002,True
115,6.835647144215563,Clc1cccc(N2CCN(C[C@H]3C[C@@H]3c3ccccc3)CC2)c1,326.154976416,2,0,4.265700000000003,True
116,6.833569886156718,c1ccc(Cc2nc3c(c(Nc4ccccc4)n2)CCNCC3)cc1,330.184446704,4,2,3.499200000000001,True
117,6.823908740944319,COc1ccc2c(c1)C(CCCN1CCN(c3ccccc3OC)CC1)CCC2,394.26202832799993,4,0,4.726100000000004,True
118,6.804100347590767,CC[C@H](C)[C@@H](COC(Cc1ccccc1)C(=O)NC(CCS(C)(=O)=O)C(=O)OC(C)C)NC[C@@H](N)CS,559.27497816,9,4,1.746800000000003,True
119,6.801893001126599,CCCN(CCC)[C@@H]1Cc2cccc3c2n(c(=O)n3CCC)C1,315.231062548,4,0,3.2597000000000023,True
120,6.79317412396815,O=C(NCCCCN1CCN(c2ccnc3ccccc23)CC1)c1cn2ccccc2n1,428.23245951600006,6,1,3.2147000000000014,True
121,6.788345599446817,COc1cccc(Nc2nc(Cc3ccccc3)nc3c2CCNCC3)c1,360.195011388,5,2,3.5078000000000014,True
122,6.785156151952302,CN1CCC(=C2c3ccccc3C=Cc3ccccc32)CC1,287.167399672,1,0,4.697900000000004,True
123,6.767003889607846,COc1cccc(N2CCN(C[C@H]3C[C@@H]3c3ccccc3)CC2)c1,322.20451345199996,3,0,3.6209000000000024,True
124,6.756961951313706,COc1ccccc1N1CCN(C/C=C/CNC(=O)c2ccc(-c3ccccn3)cc2)CC1,442.2368762,5,1,3.865400000000003,True
125,6.747146969020107,COc1ccccc1N1CCN(C/C=C/CNC(=O)c2ccc3c(c2)Cc2ccccc2-3)CC1,453.241627232,4,1,4.374600000000004,True
126,6.73754891026957,CN1CCc2cccc3c2[C@H]1Cc1ccc(OCCCNC(=O)CCCCCCCCCCC(=O)NCCCOc2ccc4c(c2O)-c2cccc5c2[C@@H](C4)N(C)CC5)c(O)c1-3,842.4982358320001,8,4,8.973400000000003,False
127,6.72584215073632,Cc1ccc(CN2CCN(CC(=O)N3c4ccccc4CC3C)CC2)cc1,363.231062548,3,0,3.0904200000000017,True
128,6.698970004336019,Clc1ccc2c(c1)C(N1CCNCC1)=Nc1ccccc1O2,313.09818981199993,4,1,3.4292000000000025,True
129,6.694648630553376,Fc1ccc([C@H]2C[C@@H]2CN2CCN(c3ccc(Cl)cc3)CC2)cc1,344.145554604,2,0,4.404800000000004,True
130,6.688246138944246,CCN1CCCC1CNC(=O)c1cc(S(N)(=O)=O)ccc1OC,341.140927216,5,2,0.5567000000000012,True
131,6.688246138944246,CC(C)(C)c1nc(N2CCN(CCCCNC(=O)c3cn4cccnc4n3)CC2)cc(C(F)(F)F)n1,504.2572922720001,8,1,3.1678000000000006,True
132,6.681936665037238,Clc1ccc(N2CCN(C[C@H]3C[C@@H]3c3ccccc3)CC2)cc1Cl,360.116004064,2,0,4.919100000000005,True
133,6.66354026615147,CN(C)Cc1c(C(=O)NCCCCN2CCN(c3cc(C(F)(F)F)nc(C(C)(C)C)n3)CC2)nc2ccccn12,560.3198925280001,8,1,3.834400000000003,True
134,6.6439741428068775,COc1cc(N)c(Cl)cc1C(=O)NC1CCN(CCCOc2ccc(F)cc2)CC1OC,465.183062308,6,2,3.358100000000002,True
135,6.642065152999546,COc1c(Cl)cc(N2CCN(C[C@H]3C[C@@H]3c3ccccc3)CC2)cc1Cl,390.126568748,3,0,4.927700000000004,True
136,6.609064892896621,Clc1ccc(N2CCN(C[C@H]3C[C@@H]3c3ccccc3)CC2)cc1,326.154976416,2,0,4.265700000000003,True
137,6.605548319173783,O=C(NCCCCN1CCN(c2ncnc3ccccc23)CC1)c1cn2ccccc2n1,429.22770848400006,7,1,2.6097,True
138,6.6020599913279625,Fc1ccccc1-c1cccc(CN2CCN(c3ncccn3)CC2)c1,348.17502489200007,4,0,3.6049000000000024,True
139,6.6020599913279625,COc1ccc(OC)c(C(=O)NCCN2CCN(c3ccccc3OC)CC2)c1,399.215806408,6,1,2.2643999999999993,True
140,6.580044251510242,c1ccc([C@H]2C[C@@H]2CN2CCN(c3ccccn3)CC2)cc1,293.18919773600004,3,0,3.0073000000000016,True
141,6.552841968657781,COC(=O)CN(CC(=O)NCCOCCOCCNC(C)=O)CC(=O)NCCOCCOCCNC(=O)CCC(=O)Nc1ccc(CCN2CN(c3ccccc3)C3(CCN(CCCC(=O)c4ccc(F)cc4)CC3)C2=O)cc1,1103.570311776,16,5,1.9169999999999998,False
142,6.55129368009492,CN(C)Cc1cccc2nc(C(=O)NCCCCN3CCN(c4cc(C(F)(F)F)nc(C(C)(C)C)n4)CC3)cn12,560.3198925280001,8,1,3.834400000000003,True
143,6.522878745280337,c1cnc(N2CCN(Cc3cccc(-c4ccsc4)c3)CC2)nc1,336.14086764,5,0,3.527300000000002,True
144,6.507239610973162,CN(C)Cc1c(C(=O)NCCCCN2CCN(c3cc(C(F)(F)F)nc(C(C)(C)C)n3)CC2)[nH]c2ccccc12,559.3246435600001,6,2,4.668000000000004,True
145,6.490797477668897,O=C1CC2(CCCC2)CC(=O)N1CCCCN1CCN(c2ncccn2)CC1,385.24777523200004,6,0,2.0881999999999996,True
146,6.471726222832956,COc1ccc2c(c1OC)-c1c(Br)ccc3c1[C@H](C2)N(C)CC3,373.06774098,3,0,4.218400000000004,True
147,6.453457336521868,Fc1ccc(C(c2ccc(F)cc2)N2CCN(C/C=C/c3ccccc3)CC2)cc1,404.206405272,2,0,5.3852000000000055,True
148,6.443697499232712,Clc1ccc(N2CCN(Cc3c[nH]c4ncccc34)CC2)cc1,326.129824288,3,1,3.5385000000000018,True
149,6.443697499232712,O=Cc1cnn2ccc(OCCCCN3CCN(c4cccc(Cl)c4Cl)CC3)cc12,446.127631368,6,0,4.434800000000004,True
150,6.443697499232712,COc1ccccc1-c1cccc(CN2CCN(c3ncccn3)CC2)c1,360.195011388,5,0,3.474400000000002,True
151,6.434152181326482,Cc1cccnc1-c1ccc(C(=O)NC/C=C/CN2CCN(c3cccc(Cl)c3Cl)CC2)cc1,494.164016876,4,1,5.472020000000005,True
152,6.3872161432802645,CN(C)CCCN1c2ccccc2CCc2ccccc21,280.193948768,2,0,3.8750000000000027,True
153,6.384049948343598,CN(C)CCCN1c2ccccc2CCc2ccc(Cl)cc21,314.154976416,2,0,4.528400000000004,True
154,6.3788237182249645,CC(C)(C)c1nc(N2CCN(CCCCNC(=O)c3cc4ccccc4[nH]3)CC2)cc(C(F)(F)F)n1,502.2667943360001,5,2,4.606400000000003,True
155,6.376750709602099,CC(C)(C)c1nc(N2CCN(CCCCNC(=O)c3cn4ccncc4n3)CC2)cc(C(F)(F)F)n1,504.2572922720001,8,1,3.1678000000000006,True
156,6.346787486224656,Fc1ccc(-c2cncc(CN3CCN(c4cnccn4)CC3)c2)cc1,349.17027386,5,0,2.999900000000001,True
157,6.340911362957506,COc1cc2c(cc1O)[C@@H]1Cc3cc(C)cc(C)c3CN1CC2,309.17287897600005,3,1,3.673140000000002,True
158,6.318758762624412,Cc1ccc(CN2CCC(n3c(=O)[nH]c4ccccc43)CC2)c(Cl)c1,355.145140004,3,1,4.128520000000003,True
159,6.309803919971486,CC(C)(C)c1nc(N2CCN(CCCCNC(=O)c3nc4ccccc4[nH]3)CC2)cc(C(F)(F)F)n1,503.26204330400003,6,2,4.001400000000002,True
160,6.309803919971486,COc1cccc(-c2cccc(CN3CCN(c4ncccn4)CC3)c2)c1,360.195011388,5,0,3.474400000000002,True
161,6.301029995663981,CC(=O)N[C@@H]1CC2(CCN(Cc3ccc4[nH]c5ccc(Cl)cc5c4c3)CC2)c2ccccc21,457.192090196,2,2,6.089200000000005,True
162,6.296708621881338,CN(C)CCCN1c2ccccc2Sc2ccccc21,284.13471963999996,3,0,4.241000000000003,True
163,6.288648386605336,COc1cc2c(cc1O)[C@@H]1Cc3c(CO)c(OC)cc(OC)c3CN1CC2,371.17327290000003,6,2,2.5658000000000003,True
164,6.269217724333611,O=C1NCN(c2ccccc2)C12CCN(Cc1cccc(Oc3ccccc3)c1)CC2,413.210327104,4,1,4.407400000000004,True
165,6.258848401148216,N#Cc1ccc(CCOC(=O)NC2CCN(CCCC(c3ccc(F)cc3)c3ccc(F)cc3)CC2)cc1,517.254083736,4,1,6.181880000000007,False
166,6.258060922270801,C[C@@H](CO)NC(=O)C1C=C2c3cccc4[nH]cc(c34)C[C@H]2N(C)C1,325.17902697600005,3,3,1.5346000000000002,True
167,6.254144804826272,O=C1NCN(c2ccccc2)C12CCN(Cc1ccc3c(c1)OCO3)CC2,365.17394159599996,5,1,2.3438,True
168,6.24841299491769,O=C(NCCCCN1CCN(c2cccc(Cl)c2Cl)CC1)c1cc2cc(F)ccc2[nH]1,462.13894500000004,3,2,4.946000000000004,True
169,6.207608310501746,CC(C)Oc1cccnc1N(C)C1CCN(Cc2ccccc2)CC1,339.231062548,4,0,3.9696000000000033,True
170,6.1938200260161125,CC(=O)c1sc(NC(=O)N[C@@H]2CN(C(C)=O)CC[C@H]2CN2CCC[C@@H](Cc3ccc(F)cc3)C2)nc1C,529.2522892320001,6,2,4.1064200000000035,True
171,6.187086643357144,COc1ccc2c(c1)CC(NC(=O)CCN1CCN(c3ccccc3OC)CC1)CC2,423.25219191599996,5,1,2.8896000000000006,True
172,6.161150909262744,O=C(CN1CCN(Cc2ccc(Cl)cc2)CC1)N1CCc2ccccc21,369.160790068,3,0,3.0469000000000017,True
173,6.154901959985743,COc1cccc(C(=O)NCCN2CCN(c3ccccc3OC)CC2)c1,369.20524172399996,5,1,2.2558,True
174,6.154901959985743,O=C(Nc1ccc2[nH]cc(C3CCN(CCCCCCCN4CCC(c5c[nH]c6ccc(NC(=O)c7ccc(F)cc7)cc56)CC4)CC3)c2c1)c1ccc(F)cc1,770.4119813440001,4,4,10.441499999999994,False
175,6.153662887870195,CO[C@@H]1[C@@H](OC)[C@H](C)[C@@](O)(CC(=O)O)O[C@H]1[C@H](C)[C@H]1O[C@@]2(CC[C@@](C)([C@H]3CC[C@@](C)([C@@H]4O[C@@H]([C@H]5O[C@](C)(O)[C@H](C)C[C@@H]5C)C[C@@H]4O[C@@H]4C[C@H](OC)[C@@H](OC)[C@H](C)O4)O3)O2)C[C@H](O)[C@H]1C,916.5395511,16,4,4.31690000000001,False
176,6.14697138528701,CCCN(CCC)[C@@H]1Cc2cccc3c2n(c(=O)n3CCCCNC(=O)c2cc3ccccc3[nH]2)C1,487.29472542400003,5,2,4.5412000000000035,True
177,6.142667503568731,O=C(NCCC(O)CN1CCN(c2cccc3ccccc23)CC1)c1cnc2ccccc2c1,454.2368762,5,2,3.6910000000000025,True
178,6.123782159408358,COc1ccc(N2CCN(C[C@H]3C[C@@H]3c3ccccc3)CC2)cc1,322.20451345199996,3,0,3.6209000000000024,True
179,6.118615343229427,COc1ccccc1N1CCN(CCC(=O)NC2CCc3c(cccc3OC)C2)CC1,423.25219191599996,5,1,2.8896000000000015,True
180,6.115771230367396,c1ccc([C@H]2C[C@@H]2CN2CCN(c3ncccn3)CC2)cc1,294.184446704,4,0,2.4023000000000003,True
181,6.110138278741811,C(=C/c1ccccc1)\CN1CCN(C(c2ccccc2)c2ccccc2)CC1,368.225248896,2,0,5.1070000000000055,True
182,6.110138278741811,CCCCCCCCCC(=O)N1c2ccc(Cl)cc2N=C(N2CCN(C)CC2)c2ccccc21,480.2655894840001,4,0,6.7845000000000075,True
183,6.108462542327436,CC(CN1c2ccccc2Sc2ccccc21)N(C)C,284.13471963999996,3,0,4.239400000000003,True
184,6.098541678603888,COc1cc2ncnc(Nc3cccc(Cl)c3F)c2cc1OC(=O)N1CCN(C)C[C@H]1C,459.147345496,7,1,4.309200000000003,True
185,6.09312646527793,CC[C@@H](CO)NC(=O)C1C=C2c3cccc4c3c(cn4C)C[C@H]2N(C)C1,353.21032710400004,4,2,1.9351,True
186,6.09151498112135,COc1ccccc1C(=O)NCCN1CCN(c2ccccc2OC)CC1,369.20524172399996,5,1,2.2558,True
187,6.081445469449727,CC[C@@H](CO)NC(=O)C1C=C2c3cccc4[nH]cc(c34)C[C@H]2N(C)C1,339.19467704000004,3,3,1.9247,True
188,6.07727454200674,CN1CCCC[C@H]1CCN1c2ccccc2Sc2ccc([S+](C)[O-])cc21,386.14865545199996,4,0,4.901100000000005,True
189,6.060480747381382,COc1cccc(-c2csc(CCN3CCN(c4ccccc4OC)CC3)n2)c1,409.182398104,6,0,4.192000000000003,True
190,6.058916115569636,COc1ccc2c(c1)C[C@H]1c3cc(O)c(OC)cc3CCN1C2,311.152143532,4,1,3.0649000000000015,True
191,6.055517327849831,CCN1CCC[C@H]1CNC(=O)c1c(OC)ccc(Br)c1OC,370.089204696,4,1,2.6804000000000006,True
192,6.050609993355087,C(#Cc1ccccc1)CN(c1ccccc1)C1CCN(Cc2ccccc2)CC1,380.225248896,2,0,5.209300000000004,True
193,6.041914151478915,Cc1nc(C(=O)NCCN2CCN(c3cccc(Cl)c3Cl)CC2)c(C)n1-c1ccccc1,471.159265844,5,1,4.347940000000004,True
194,6.0,CCOc1ccccc1N1CCN(CCCC(=O)NCc2nc3ccc(F)cc3c(=O)n2-c2ccccc2)CC1,543.264568168,7,1,4.142100000000003,True
195,6.0,Cc1c(C#Cc2ccc(CN3CCC(CO)CC3)cc2)cc(C(F)F)c2cn(C(C(=O)Nc3nccs3)c3ncn4c3CCC43CC3)nc12,681.269750864,9,2,6.202820000000006,False
196,6.0,CC(=O)c1cccc(NC(=O)N[C@@H]2CCCC[C@H]2CN2CCC[C@@H](Cc3ccc(F)cc3)C2)c1,465.27915561199995,3,2,5.663300000000006,True
197,5.99610883376309,CN(C)CCC=C1c2ccccc2CCc2ccccc21,277.183049736,1,0,4.168600000000003,True
198,5.987162775294828,Oc1ccc2c(c1)CCN2,135.068413908,2,2,1.3601999999999996,True
199,5.970210529168144,Cc1[nH]c(-c2ccccc2)cc1C(=O)NCCCN1CCN(c2cccc(Cl)c2Cl)CC1,470.164016876,3,2,5.2390200000000045,True
200,5.9511699134716505,O=C(CCCCCCCCCCC(=O)NCCCN1CCN(C2=Nc3cc(Cl)ccc3Nc3ccccc32)CC1)NCCCN1CCN(C2=Nc3cc(Cl)ccc3Nc3ccccc32)CC1,932.4747267119999,10,4,10.112999999999998,False
201,5.94692155651658,O=c1[nH]c2ccccc2n1C1CCN(C2CCN(Cc3ccccc3[N+](=O)[O-])CC2)CC1,435.227039788,6,1,3.5393000000000026,True
202,5.937305226657607,COc1cc2c(cc1OC)[C@@H]1Cc3cc(C)cc(C)c3CN1CC2,323.18852904000005,3,0,3.9761400000000027,True
203,5.935542010773082,CC(C)(C)c1nc(N2CCN(CCCCNC(=O)c3cn4nc(Cl)ccc4n3)CC2)cc(C(F)(F)F)n1,538.2183199200001,8,1,3.821200000000002,True
204,5.930331903088405,O=C(c1ccc(OCCN2CCCCC2)cc1)c1c(-c2ccc(O)cc2)sc2cc(O)ccc12,473.16607934399997,6,2,6.075200000000007,True
205,5.909389292171593,CCN(CC)CCNC(=O)c1cc(S(C)(=O)=O)ccc1OC,328.14567824799997,5,1,1.1702999999999997,True
206,5.90678850818634,c1c2c(cc3c1OCO3)CN1CCc3cc4c(cc3[C@@H]1C2)OCO4,323.115758024,5,0,2.799500000000001,True
207,5.886056647693163,Cc1cccc(-c2ccc(C(=O)NC/C=C/CN3CCN(c4cccc(Cl)c4Cl)CC3)cc2)n1,494.164016876,4,1,5.472020000000006,True
208,5.876181013981003,OCCOCCN1CCN(C2=Nc3ccccc3Sc3ccccc32)CC1,383.16674804,6,1,2.8560000000000016,True
209,5.8696662315049934,CN1CCc2cccc3c2[C@H]1Cc1ccc(OCCCNC(=O)CCCCCCCCC(=O)NCCCOc2ccc4c(c2O)-c2cccc5c2[C@@H](C4)N(C)CC5)c(O)c1-3,814.4669357040001,8,4,8.193200000000008,False
210,5.86359655186601,Cc1nc(C(=O)NCCCN2CCN(c3cccc(Cl)c3Cl)CC2)c(C)n1-c1ccccc1,485.174915908,5,1,4.738040000000004,True
211,5.8371370066780734,CCCCCCCCCC(=O)NCCCN1CCN(C2=Nc3cc(Cl)ccc3Nc3ccccc32)CC1,523.3077886440001,5,2,6.7399000000000076,False
212,5.823908740944319,CC(=O)N[C@@H]1CC2(CCN(Cc3ccc4c(c3)c3ccccc3n4C(N)=O)CC2)c2ccccc21,466.2368762,4,2,4.836000000000004,True
213,5.823908740944319,CCOc1ccccc1N1CCN(CCCC(=O)NCc2nc3cc(F)ccc3c(=O)n2-c2ccc(OC)cc2)CC1,573.275132852,8,1,4.150700000000003,True
214,5.823908740944319,O=C(C#Cc1ccccc1)N(c1ccccc1)C1CCN(Cc2ccccc2)CC1,394.204513452,2,0,4.735900000000004,True
215,5.823908740944319,Cc1cccc(N2CCN(CCCC(=O)NCc3nc4cc(F)ccc4c(=O)n3-c3ccccc3)CC2)c1C,527.2696535480001,6,1,4.360240000000004,True
216,5.809668301829708,CN1CCc2cccc3c2[C@H]1Cc1ccc(OCCCNC(=O)CCCCCCCCCCCCCCCCCCC(=O)NCCCOc2ccc4c(c2O)-c2cccc5c2[C@@H](C4)N(C)CC5)c(O)c1-3,954.6234363440001,8,4,12.094199999999987,False
217,5.798602875679549,CCN(CC)C(=O)C1C=C2c3cccc4[nH]cc(c34)C[C@H]2N(C(=O)Nc2ccccc2)C1,428.221226136,2,2,4.508300000000003,True
218,5.791289980093599,CN1CCN(C2=Nc3cc(Cl)ccc3N(NC(=O)CCC(=O)N3CCN(C(=O)CCC(=O)NN4c5ccc(Cl)cc5N=C(N5CCN(C)CC5)c5ccccc54)CC3)c3ccccc32)CC1,932.3768035679999,12,2,5.541600000000006,False
219,5.76255680462454,COc1cc2c(cc1OC)[C@@H]1Cc3c(OC)ccc(OC)c3CN1CC2,355.17835828000005,5,0,3.376500000000002,True
220,5.748605149959896,Cc1cc(N2CCN(C)CC2)c2c(c1)N(S(=O)(=O)c1ccc3ccccc3c1)C(C)CC2=O,463.192962788,5,0,4.0702200000000035,True
221,5.708409174341998,COc1ccc2c(c1OC)-c1ccc(Br)c3c1[C@H](C2)N(C)CC3,373.06774098,3,0,4.2184000000000035,True
222,5.698970004336019,Fc1ccc(C(SCCNCCCc2ccccc2)c2ccc(F)cc2)cc1,397.16757724,2,1,6.009800000000005,True
223,5.686132779630847,COC(=O)C1[C@H]2C[C@H]3c4[nH]c5ccccc5c4CCN3C[C@@H]2CC[C@@H]1O,354.19434269199996,4,2,2.6471000000000013,True
224,5.686132779630847,O=c1[nH]c2ccccc2n1C1CCN(C2CCN(Cc3ccccc3Cl)CC2)CC1,424.20298922800004,4,1,4.284500000000004,True
225,5.6823544567788415,CN1CCN(C2=Nc3cc(Cl)ccc3N(NC(=O)CCCCC(=O)NN3c4ccc(Cl)cc4N=C(N4CCN(C)CC4)c4ccccc43)c3ccccc32)CC1,792.3182260720001,10,2,6.870800000000008,False
226,5.673664139071249,CNC(=O)CN1CN(c2ccccc2)C2(CCN(Cc3cc4c(cc3Cl)OCO4)CC2)C1=O,470.17208302399996,6,1,2.4555999999999996,True
227,5.649751981665837,N#Cc1ccc(CCOC(=O)N2CCN(CCCC(c3ccc(F)cc3)c3ccc(F)cc3)CC2)cc1,503.238433672,4,0,5.745480000000006,False
228,5.638272163982407,CC(C)(C)c1nc(N2CCN(CCCCNC(=O)c3cn4ccccc4n3)CC2)cc(C(F)(F)F)n1,503.26204330400003,7,1,3.772800000000002,True
229,5.638272163982407,c1cnc(N2CCN(Cc3cccc4c3-c3ccccc3C4)CC2)nc1,342.18444670400004,4,0,3.370000000000002,True
230,5.617622696531886,CN1CCN(C2=Nc3cc(Cl)ccc3N(NC(=O)CCC(=O)OCCOC(=O)CCC(=O)NN3c4ccc(Cl)cc4N=C(N4CCN(C)CC4)c4ccccc43)c3ccccc32)CC1,908.3291846799998,14,2,5.957200000000006,False
231,5.616184634019569,OC[C@H]1O[C@H](Oc2ccc(CC3NCCc4cc(O)c(O)cc43)cc2)[C@H](O)[C@H](O)[C@H]1O,433.1736668239999,9,7,-0.29400000000000015,True
232,5.61261017366127,CN1CCN(C2=Nc3cc(Cl)ccc3N(NC(=O)CCCCCCC(=O)NN3c4ccc(Cl)cc4N=C(N4CCN(C)CC4)c4ccccc43)c3ccccc32)CC1,820.3495262,10,2,7.651000000000009,False
233,5.6020599913279625,O=C(C#Cc1ccccc1)NC1CCN(Cc2ccccc2)CC1,318.17321332399996,2,1,2.818900000000001,True
234,5.600663809744175,COc1ccc(OC)c2c1C[C@H]1c3cc4c(cc3CCN1C2)OCO4,339.147058152,5,0,3.088000000000002,True
235,5.59482445378201,Cc1c(C(=O)NCCCN2CCN(c3cccc(Cl)c3Cl)CC2)cc(-c2ccccc2)n1C,484.17966694,4,1,5.249420000000004,True
236,5.581698708680255,O=C(OCCc1ccc(F)cc1)N1CCN(CCCC(c2ccc(F)cc2)c2ccc(F)cc2)CC1,496.233762892,3,0,6.012900000000006,True
237,5.579549140893931,CN1CCN(C2=Nc3cc(Cl)ccc3N(NC(=O)CCCC(=O)N3CCN(C(=O)CCCC(=O)N4CCN(C(=O)CCCC(=O)NN5c6ccc(Cl)cc6N=C(N6CCN(C)CC6)c6ccccc65)CC4)CC3)c3ccccc32)CC1,1142.5136313839998,14,2,6.16290000000001,False
238,5.576754126063192,Cc1ccccc1CN1CCC(N2CCC(n3c(=O)[nH]c4ccccc43)CC2)CC1,404.257611644,4,1,3.9395200000000026,True
239,5.574791948861344,CN1CCN(C2=Nc3cc(Cl)ccc3N(C(=O)CCCCCCC(=O)N3c4ccc(Cl)cc4N=C(N4CCN(C)CC4)c4ccccc43)c3ccccc32)CC1,790.3277281359999,8,0,8.641800000000007,False
240,5.571865205971211,CN1CCc2cccc3c2[C@H]1Cc1ccc(OCCCNC(=O)CCCCCCCCCCCCCCCCC(=O)NCCCOc2ccc4c(c2O)-c2cccc5c2[C@@H](C4)N(C)CC5)c(O)c1-3,926.5921362160001,8,4,11.313999999999991,False
241,5.570247719997592,O=c1[nH]c2cc(F)ccc2n1C1CCN(C2CCN(Cc3ccccc3C(F)(F)F)CC2)CC1,476.219924396,4,1,4.789000000000005,True
242,5.539102157243452,CCOc1ccc(CCNC(=O)N2CCN(CCCC(c3ccc(F)cc3)c3ccc(F)cc3)CC2)cc1,521.285383864,3,1,5.845500000000006,False
243,5.526995035732729,CCCN(CCCCNC(=O)c1cc2ccccc2[nH]1)[C@@H]1Cc2cccc3c2n(c(=O)n3CCC)C1,487.29472542400003,5,2,4.541200000000004,True
244,5.497846107128639,CN(C)c1ccc(C(=C2C=CC(=[N+](C)C)C=C2)c2ccc(N(C)C)cc2)cc1,372.24342438009,2,0,4.4596000000000044,True
245,5.482804102050025,OC(CCCN1CCCCC1)(c1ccccc1)c1ccccc1,309.209264484,2,1,4.188600000000004,True
246,5.468521082957745,CCCN1CCC(COc2nc3ccccc3c3c2CCCN3)CC1,339.231062548,4,1,4.093700000000003,True
247,5.460547508450539,CNCCCC12CCC(c3ccccc31)c1ccccc12,277.183049736,1,1,4.211400000000004,True
248,5.449771646944906,Cc1c(C(=O)c2ccc(Cl)cc2)c2ccc(OC(F)(F)F)cc2n1Cc1cccc(OC(C)C(=O)O)c1,531.106035112,5,1,6.632920000000006,False
249,5.443697499232712,CN1CCc2cccc3c2[C@H]1Cc1ccc(OCCCNC(=O)CCCCCCC(=O)NCCCOc2ccc4c(c2O)-c2cccc5c2[C@@H](C4)N(C)CC5)c(O)c1-3,786.4356355760001,8,4,7.41300000000001,False
250,5.440213031799443,COc1ccc2c(c1OC)-c1ccc(C)c3c1[C@@H](C2)N(C)CC3,309.17287897600005,3,0,3.7643200000000023,True
251,5.427593132441944,CCCn1c(-c2ccccc2)cc(C(=O)NCCCN2CCN(c3cccc(Cl)c3Cl)CC2)c1C,512.2109670680001,4,1,6.122420000000007,False
252,5.4089353929735005,COc1cc(N)c(Cl)cc1C(=O)NC[C@H]1CCN2CCC[C@H]12,323.140054624,4,2,2.1449,True
253,5.3979400086720375,Cc1cccc(N2CCN(CCCC(=O)NCc3nc4ccc(F)cc4c(=O)n3-c3ccccc3)CC2)c1C,527.2696535480001,6,1,4.360240000000004,True
254,5.3872161432802645,NCCCCN(Cc1nc2ccccc2[nH]1)[C@H]1CCCc2cccnc21,349.22664586400003,4,2,3.5764000000000022,True
255,5.3872161432802645,CN(CC#Cc1ccccc1)C1CCN(Cc2ccccc2)CC1,318.209598832,2,0,3.6345000000000027,True
256,5.387004343967653,CN[C@@H]1Cc2cccc3c2n(c(=O)n3CCCCOc2ccc3c(c2)NC(=O)CC3)C1,420.21614075599996,6,2,2.6910000000000007,True
257,5.360513510731414,CN1CCc2cccc3c2[C@H]1Cc1ccc(OCCCNC(=O)CCC(=O)NCCCOc2ccc4c(c2O)-c2cccc5c2[C@@H](C4)N(C)CC5)c(O)c1-3,730.37303532,8,4,5.852600000000007,False
258,5.356547323513812,O=C(NCCC(O)CN1CCN(c2cccc(Cl)c2Cl)CC1)c1cc2ccccc2[nH]1,460.14328143200004,4,3,3.777700000000003,True
259,5.347995538413624,CN[C@@H]1Cc2cccc3c2n(c(=O)n3CCCCCCCCCCOCCCCc2ccccc2)C1,491.35117768,5,1,6.107400000000007,True
260,5.344765492965706,COc1ccc(CCN2CCC(Nc3nc4ccccc4n3Cc3ccc(F)cc3)CC2)cc1,458.24818983200004,5,1,5.351300000000005,True
261,5.327902142064282,O=C(/C=C/c1ccccc1)NC1CCN(Cc2ccccc2)CC1,320.18886338799996,2,1,3.4806000000000026,True
262,5.309803919971486,CN(C(=O)C#Cc1ccccc1)C1CCN(Cc2ccccc2)CC1,332.18886338799996,2,0,3.161100000000002,True
263,5.275724130399211,COc1ccccc1N1CCN(CCCC(=O)NCc2nc3ccc(F)cc3c(=O)n2-c2ccccc2)CC1,529.248918104,7,1,3.7520000000000033,True
264,5.275724130399211,CCOc1cc(N)c(Cl)cc1C(=O)NC[C@@H]1CCN2CCC[C@@H]12,337.155704688,4,2,2.535000000000001,True
265,5.274088367704952,CN1CCc2cccc3c2[C@H]1Cc1ccc(OCCCNC(=O)CCCCC(=O)NCCCOc2ccc4c(c2O)-c2cccc5c2[C@@H](C4)N(C)CC5)c(O)c1-3,758.404335448,8,4,6.6328000000000085,False
266,5.2441251443275085,NCCCCN(C[C@H]1Cc2ccccc2CN1)[C@H]1CCCc2cccnc21,364.26269702400003,4,2,3.2144000000000013,True
267,5.231657941355467,c1ccc2sc(SSc3nc4ccccc4s3)nc2c1,331.957032256,6,0,5.705400000000002,True
268,5.209926051573696,CC(C)(C)c1ccc(C(O)CCCN2CCC(C(O)(c3ccccc3)c3ccccc3)CC2)cc1,471.31372955200004,3,2,6.445800000000008,True
269,5.184422251675732,CN1CCc2cccc3c2[C@H]1Cc1ccc(OCCCNC(=O)CCCCCNC(=O)OC(C)(C)C)c(O)c1-3,537.3202714759999,6,3,5.114500000000006,False
270,5.180456064458131,O=C(CCCN1CCN(c2cccc(C(F)(F)F)c2)CC1)NCc1nc2cc(F)ccc2c(=O)n1-c1ccccc1,567.225738048,6,1,4.762200000000004,True
271,5.161150909262744,Cc1cccc(N2CCN(CCCC(=O)NCc3nc4ccccc4c(=O)n3-c3ccccc3)CC2)c1C,509.27907536000004,6,1,4.221140000000004,True
272,5.1487416512809245,CN(C(=O)/C=C/c1ccccc1)C1CCN(Cc2ccccc2)CC1,334.20451345199996,2,0,3.8228000000000026,True
273,5.107905397309519,O=C(CCCCCCCCCCCCCCCCC(=O)NCCCN1CCN(C2=Nc3cc(Cl)ccc3Nc3ccccc32)CC1)NCCCN1CCN(C2=Nc3cc(Cl)ccc3Nc3ccccc32)CC1,1016.5686270960001,10,4,12.453599999999987,False
274,5.048711062722328,CCCCCCCCCC(=O)NN1c2ccc(Cl)cc2N=C(N2CCN(C)CC2)c2ccccc21,495.2764885160001,5,1,6.289100000000007,True
275,5.026872146400301,NCCCCN(C[C@H]1Cc2ncccc2CN1)[C@H]1CCCc2cccnc21,365.25794599200003,5,2,2.609399999999999,True
276,5.008773924307505,c1cnc(N2CCN(Cc3cccc4c3Cc3ccccc3-4)CC2)nc1,342.18444670400004,4,0,3.370000000000002,True
277,5.008773924307505,c1cnc2c(c1)CN[C@@H](CN(CCCC1CCNCC1)[C@H]1CCCc3cccnc31)C2,419.30489618400003,5,2,3.6503000000000023,True
278,5.0,NCCCCN(C[C@H]1Cc2cccnc2CN1)[C@H]1CCCc2cccnc21,365.25794599200003,5,2,2.609399999999999,True
279,4.958607314841775,O=C(CCCCCCCCCCCCC(=O)NCCCN1CCN(C2=Nc3cc(Cl)ccc3Nc3ccccc32)CC1)NCCCN1CCN(C2=Nc3cc(Cl)ccc3Nc3ccccc32)CC1,960.5060268399999,10,4,10.893199999999995,False
280,4.914138826211549,Clc1ccccc1C(c1ccccc1)(c1ccccc1)n1ccnc1,344.10802622400007,2,0,5.376700000000004,True
281,4.902951034988869,Clc1ccc(COC(Cn2ccnc2)c2ccc(Cl)cc2Cl)c(Cl)c1,413.98602378799995,3,0,6.454800000000002,True
282,4.892552590476391,Clc1ccc(COC(Cn2ccnc2)c2ccc(Cl)cc2Cl)cc1,380.02499614,3,0,5.801400000000003,True
283,4.875463171698723,CC=C(c1ccc(O)cc1)C(CC)c1ccc(O)cc1,268.14632988,2,2,4.694900000000004,True
284,4.857454115913724,CC/C(=C(\c1ccccc1)c1ccc(OCCN(C)C)cc1)c1ccccc1,371.224914548,2,0,5.9961000000000055,True
285,4.788345599446817,Nc1ccc2oc(=O)c(CN3CCCC3)cc2c1,244.121177752,4,1,1.971,True
286,4.782516055786093,Oc1ccc(CN2CCO[C@H](CCc3ccccc3)C2)cc1,297.17287897600005,3,1,3.225800000000002,True
287,4.782516055786093,COc1ccc(CN2CCOC(CCc3ccccc3)C2)cc1,311.18852904000005,3,0,3.528800000000002,True
288,4.775725985705742,Cc1c(C)c2c(c(C)c1O)CCC(C)(CN1CCN(c3cc(N4CCCC4)nc(N4CCCC4)n3)CC1)O2,520.3525746480001,8,1,4.213760000000003,True
289,4.700013563865532,CCCCc1oc2ccccc2c1C(=O)c1cc(I)c(OCCN(CC)CC)c(I)c1,645.0236897880001,4,0,6.936200000000007,False
290,4.6379324142726,CCN(CC)C(=S)SSC(=S)N(CC)CC,296.05093264,4,0,3.6212000000000026,True
291,4.619788758288394,CNC[C@@H]1OCCc2ccsc21,183.071785036,3,1,1.5813,True
292,4.0,NCCc1ccc(O)c(O)c1,153.078978592,3,3,0.5989999999999998,True
